<?xml version="1.0" encoding="UTF-8"?>
<list id="1">
  <org.openmrs.ConceptSource id="2" uuid="706a448b-3f10-11e4-adec-0800271c1b75">
    <name>org.openmrs.module.emrapi</name>
    <description>Source used to tag concepts used in the EMR API module</description>
    <creator/>
    <dateCreated id="3">2014-09-18 18:17:36</dateCreated>
    <retired>false</retired>
    <conceptSourceId>1</conceptSourceId>
    <hl7Code></hl7Code>
  </org.openmrs.ConceptSource>
  <org.openmrs.ConceptSource id="4" uuid="dbe4f23e-4e14-11e4-8a57-0800271c1b75">
    <name>ICD 10 - WHO</name>
    <description>ICD 10 Concept mappings</description>
    <creator/>
    <dateCreated id="5">2014-10-07 20:57:02</dateCreated>
    <retired>false</retired>
    <conceptSourceId>3</conceptSourceId>
    <hl7Code>ICD 10 - WHO</hl7Code>
  </org.openmrs.ConceptSource>
</list>
