<?xml version="1.0" encoding="UTF-8"?>
<package id="1" uuid="7ed90504-7845-4f1a-9555-f764051cdee5">
  <dateCreated id="2">2017-10-30 16:29:12</dateCreated>
  <name>EncounterType</name>
  <description>Encounter Types required to start the Global Health Coalition Haiti distribution&#xd;
</description>
  <openmrsVersion>2.1.0  Build 7eadd7</openmrsVersion>
  <version>1</version>
  <groupUuid>9979eb41-4ff7-4e8c-9bbe-8c2b83ccc83c</groupUuid>
  <modules id="3">
    <entry>
      <string>calculation</string>
      <string>1.2</string>
    </entry>
    <entry>
      <string>legacyui</string>
      <string>1.3.1</string>
    </entry>
    <entry>
      <string>metadatasharing</string>
      <string>1.2.2</string>
    </entry>
    <entry>
      <string>bedmanagement</string>
      <string>5.6-SNAPSHOT</string>
    </entry>
    <entry>
      <string>providermanagement</string>
      <string>2.5.0</string>
    </entry>
    <entry>
      <string>exti18n</string>
      <string>1.0.0</string>
    </entry>
    <entry>
      <string>bacteriology</string>
      <string>1.1-SNAPSHOT</string>
    </entry>
    <entry>
      <string>htmlwidgets</string>
      <string>1.8.0</string>
    </entry>
    <entry>
      <string>reference-data</string>
      <string>0.89-SNAPSHOT</string>
    </entry>
    <entry>
      <string>addresshierarchy</string>
      <string>2.10.0</string>
    </entry>
    <entry>
      <string>uiframework</string>
      <string>3.8</string>
    </entry>
    <entry>
      <string>rulesengine</string>
      <string>0.89-SNAPSHOT</string>
    </entry>
    <entry>
      <string>idgen-webservices</string>
      <string>1.2-SNAPSHOT</string>
    </entry>
    <entry>
      <string>event</string>
      <string>2.5</string>
    </entry>
    <entry>
      <string>uicommons</string>
      <string>2.3.0</string>
    </entry>
    <entry>
      <string>reporting</string>
      <string>1.12.0</string>
    </entry>
    <entry>
      <string>emrapi</string>
      <string>1.22.1</string>
    </entry>
    <entry>
      <string>episodes</string>
      <string>1.0-SNAPSHOT</string>
    </entry>
    <entry>
      <string>idgen</string>
      <string>4.4.1</string>
    </entry>
    <entry>
      <string>bahmnicore</string>
      <string>0.89-SNAPSHOT</string>
    </entry>
    <entry>
      <string>uilibrary</string>
      <string>2.0.5</string>
    </entry>
    <entry>
      <string>initializer</string>
      <string>1.0.1-SNAPSHOT</string>
    </entry>
    <entry>
      <string>appframework</string>
      <string>2.10.0</string>
    </entry>
    <entry>
      <string>webservices.rest</string>
      <string>2.20.0.0e371e</string>
    </entry>
    <entry>
      <string>openmrs-atomfeed</string>
      <string>2.5.5-SNAPSHOT</string>
    </entry>
    <entry>
      <string>metadatamapping</string>
      <string>1.3.1</string>
    </entry>
    <entry>
      <string>bahmni.ie.apps</string>
      <string>0.89-SNAPSHOT</string>
    </entry>
    <entry>
      <string>serialization.xstream</string>
      <string>0.2.12</string>
    </entry>
  </modules>
  <items class="linked-hash-set" id="4">
    <org.openmrs.module.metadatasharing.Item id="5" uuid="0df61a70-5dfd-405d-aceb-ae4e39bf9e55">
      <id>11</id>
      <classname>org.openmrs.EncounterType</classname>
      <dateChanged id="6">2016-11-29 07:27:10</dateChanged>
      <retired>false</retired>
    </org.openmrs.module.metadatasharing.Item>
    <org.openmrs.module.metadatasharing.Item id="7" uuid="81852aee-3f10-11e4-adec-0800271c1b75">
      <id>1</id>
      <classname>org.openmrs.EncounterType</classname>
      <dateChanged id="8">2014-09-17 17:00:00</dateChanged>
      <retired>false</retired>
    </org.openmrs.module.metadatasharing.Item>
    <org.openmrs.module.metadatasharing.Item id="9" uuid="81888515-3f10-11e4-adec-0800271c1b75">
      <id>2</id>
      <classname>org.openmrs.EncounterType</classname>
      <dateChanged id="10">2014-09-17 17:00:00</dateChanged>
      <retired>false</retired>
    </org.openmrs.module.metadatasharing.Item>
    <org.openmrs.module.metadatasharing.Item id="11" uuid="81da9590-3f10-11e4-adec-0800271c1b75">
      <id>3</id>
      <classname>org.openmrs.EncounterType</classname>
      <dateChanged id="12">2014-09-17 17:00:00</dateChanged>
      <retired>false</retired>
    </org.openmrs.module.metadatasharing.Item>
    <org.openmrs.module.metadatasharing.Item id="13" uuid="81dd3390-3f10-11e4-adec-0800271c1b75">
      <id>4</id>
      <classname>org.openmrs.EncounterType</classname>
      <dateChanged id="14">2014-09-17 17:00:00</dateChanged>
      <retired>false</retired>
    </org.openmrs.module.metadatasharing.Item>
    <org.openmrs.module.metadatasharing.Item id="15" uuid="81e13b91-3f10-11e4-adec-0800271c1b75">
      <id>5</id>
      <classname>org.openmrs.EncounterType</classname>
      <dateChanged id="16">2014-09-17 17:00:00</dateChanged>
      <retired>false</retired>
    </org.openmrs.module.metadatasharing.Item>
    <org.openmrs.module.metadatasharing.Item id="17" uuid="81f57a25-3f10-11e4-adec-0800271c1b75">
      <id>6</id>
      <classname>org.openmrs.EncounterType</classname>
      <dateChanged id="18">2014-09-17 17:00:00</dateChanged>
      <retired>false</retired>
    </org.openmrs.module.metadatasharing.Item>
    <org.openmrs.module.metadatasharing.Item id="19" uuid="81fbaddd-3f10-11e4-adec-0800271c1b75">
      <id>7</id>
      <classname>org.openmrs.EncounterType</classname>
      <dateChanged id="20">2014-09-17 17:00:00</dateChanged>
      <retired>false</retired>
    </org.openmrs.module.metadatasharing.Item>
    <org.openmrs.module.metadatasharing.Item id="21" uuid="82024e00-3f10-11e4-adec-0800271c1b75">
      <id>8</id>
      <classname>org.openmrs.EncounterType</classname>
      <dateChanged id="22">2014-09-17 17:00:00</dateChanged>
      <retired>false</retired>
    </org.openmrs.module.metadatasharing.Item>
    <org.openmrs.module.metadatasharing.Item id="23" uuid="82367e09-3f10-11e4-adec-0800271c1b75">
      <id>9</id>
      <classname>org.openmrs.EncounterType</classname>
      <dateChanged id="24">2014-09-17 17:00:00</dateChanged>
      <retired>false</retired>
    </org.openmrs.module.metadatasharing.Item>
    <org.openmrs.module.metadatasharing.Item id="25" uuid="8243d105-3f10-11e4-adec-0800271c1b75">
      <id>10</id>
      <classname>org.openmrs.EncounterType</classname>
      <dateChanged id="26">2014-09-17 17:00:00</dateChanged>
      <retired>false</retired>
    </org.openmrs.module.metadatasharing.Item>
  </items>
  <relatedItems class="linked-hash-set" id="27"/>
</package>
