<?xml version="1.0" encoding="UTF-8"?>
<list id="1">
  <org.openmrs.EncounterType id="2" uuid="0df61a70-5dfd-405d-aceb-ae4e39bf9e55">
    <name>Cardiovascularstudy</name>
    <creator/>
    <dateCreated id="3">2016-11-29 07:27:10</dateCreated>
    <retired>false</retired>
    <encounterTypeId>11</encounterTypeId>
  </org.openmrs.EncounterType>
  <org.openmrs.EncounterType id="4" uuid="81852aee-3f10-11e4-adec-0800271c1b75">
    <name>Consultation</name>
    <description>Consultation encounter</description>
    <creator/>
    <dateCreated id="5">2014-09-17 17:00:00</dateCreated>
    <retired>false</retired>
    <encounterTypeId>1</encounterTypeId>
  </org.openmrs.EncounterType>
  <org.openmrs.EncounterType id="6" uuid="81888515-3f10-11e4-adec-0800271c1b75">
    <name>REG</name>
    <description>Registration encounter</description>
    <creator/>
    <dateCreated id="7">2014-09-17 17:00:00</dateCreated>
    <retired>false</retired>
    <encounterTypeId>2</encounterTypeId>
  </org.openmrs.EncounterType>
  <org.openmrs.EncounterType id="8" uuid="81da9590-3f10-11e4-adec-0800271c1b75">
    <name>ADMISSION</name>
    <description>ADMISSION encounter</description>
    <creator/>
    <dateCreated id="9">2014-09-17 17:00:00</dateCreated>
    <retired>false</retired>
    <encounterTypeId>3</encounterTypeId>
  </org.openmrs.EncounterType>
  <org.openmrs.EncounterType id="10" uuid="81dd3390-3f10-11e4-adec-0800271c1b75">
    <name>DISCHARGE</name>
    <description>DISCHARGE encounter</description>
    <creator/>
    <dateCreated id="11">2014-09-17 17:00:00</dateCreated>
    <retired>false</retired>
    <encounterTypeId>4</encounterTypeId>
  </org.openmrs.EncounterType>
  <org.openmrs.EncounterType id="12" uuid="81e13b91-3f10-11e4-adec-0800271c1b75">
    <name>TRANSFER</name>
    <description>TRANSFER encounter</description>
    <creator/>
    <dateCreated id="13">2014-09-17 17:00:00</dateCreated>
    <retired>false</retired>
    <encounterTypeId>5</encounterTypeId>
  </org.openmrs.EncounterType>
  <org.openmrs.EncounterType id="14" uuid="81f57a25-3f10-11e4-adec-0800271c1b75">
    <name>RADIOLOGY</name>
    <description>RADIOLOGY encounter</description>
    <creator/>
    <dateCreated id="15">2014-09-17 17:00:00</dateCreated>
    <retired>false</retired>
    <encounterTypeId>6</encounterTypeId>
  </org.openmrs.EncounterType>
  <org.openmrs.EncounterType id="16" uuid="81fbaddd-3f10-11e4-adec-0800271c1b75">
    <name>INVESTIGATION</name>
    <description>Investigation encounter</description>
    <creator/>
    <dateCreated id="17">2014-09-17 17:00:00</dateCreated>
    <retired>false</retired>
    <encounterTypeId>7</encounterTypeId>
  </org.openmrs.EncounterType>
  <org.openmrs.EncounterType id="18" uuid="82024e00-3f10-11e4-adec-0800271c1b75">
    <name>LAB_RESULT</name>
    <description>Lab Result encounter</description>
    <creator/>
    <dateCreated id="19">2014-09-17 17:00:00</dateCreated>
    <retired>false</retired>
    <encounterTypeId>8</encounterTypeId>
  </org.openmrs.EncounterType>
  <org.openmrs.EncounterType id="20" uuid="82367e09-3f10-11e4-adec-0800271c1b75">
    <name>Patient Document</name>
    <description>Patient Document Encounter Type</description>
    <creator/>
    <dateCreated id="21">2014-09-17 17:00:00</dateCreated>
    <retired>false</retired>
    <encounterTypeId>9</encounterTypeId>
  </org.openmrs.EncounterType>
  <org.openmrs.EncounterType id="22" uuid="8243d105-3f10-11e4-adec-0800271c1b75">
    <name>VALIDATION NOTES</name>
    <description>Validation Notes encounter</description>
    <creator/>
    <dateCreated id="23">2014-09-17 17:00:00</dateCreated>
    <retired>false</retired>
    <encounterTypeId>10</encounterTypeId>
  </org.openmrs.EncounterType>
</list>
