Gender,Age,P3,P5,P10,P25,P50,P75,P90,P95,P97
M,24,10.38209025,10.64009004,11.05265567,11.78597528,12.6707633,13.63691949,14.58339799,15.18777349,15.59648294
M,24.5,10.4414422,10.70051298,11.11490406,11.85181666,12.74154396,13.71386029,14.6671577,15.27629562,15.68840631
M,25.5,10.55847309,10.81957536,11.23747341,11.98141892,12.88102276,13.86589625,14.83331632,15.45242405,15.87169941
M,26.5,10.67380261,10.93681171,11.35805876,12.10888759,13.01842382,14.0162298,14.99847794,15.62818936,16.05514188
M,27.5,10.78798157,11.05280067,11.47727994,12.23490671,13.1544966,14.1656725,15.16351231,15.80450043,16.23967114
M,28.5,10.90147346,11.168034,11.59566994,12.36007175,13.28989667,14.31493214,15.32917196,15.98213866,16.42608957
M,29.5,11.01466395,11.28292555,11.7136834,12.48489772,13.42519408,14.46462206,15.49610261,16.16176896,16.61507584
M,30.5,11.12786972,11.3978197,11.83170451,12.60982671,13.56088113,14.61526973,15.66485286,16.34395025,16.80719583
M,31.5,11.24134752,11.51299966,11.95005435,12.73523417,13.69737858,14.76732387,15.83588309,16.52914562,17.00291386
M,32.5,11.3552982,11.62869248,12.06899744,12.86143776,13.83504622,14.9211657,16.00957526,16.71773017,17.2025984
M,33.5,11.46987889,11.74507892,12.18874828,12.98869962,13.97418299,15.07711012,16.18623907,16.91000204,17.40653734
M,34.5,11.58520959,11.86229971,12.30947723,13.11723187,14.1150324,15.23541179,16.36611917,17.10619066,17.61494698
M,35.5,11.70137143,11.98045644,12.43131521,13.24720657,14.25779618,15.3962791,16.54940494,17.30646132,17.8279717
M,36.5,11.81842214,12.09962308,12.55435953,13.37875374,14.40262749,15.5598683,16.73623287,17.51092666,18.04570363
M,37.5,11.93639129,12.21984466,12.67867752,13.51197197,14.54964614,15.72629889,16.92669619,17.7196494,18.26817893
M,38.5,12.05529277,12.34114672,12.80431149,13.64692711,14.69893326,15.89564892,17.12084685,17.93265202,18.49539445
M,39.5,12.17512305,12.46353554,12.93128204,13.78365965,14.85054151,16.06796532,17.31870281,18.14992024,18.72730763
M,40.5,12.29587074,12.5870056,13.05959214,13.92218431,15.00449143,16.24326063,17.52024974,18.37141087,18.96385009
M,41.5,12.41751102,12.71153714,13.18922941,14.06249859,15.16078454,16.4215262,17.72544898,18.59705318,19.20492292
M,42.5,12.54001161,12.83710098,13.32016918,14.2045836,15.31940246,16.60273167,17.93423997,18.8267549,19.45040584
M,43.5,12.66334091,12.96366474,13.45237788,14.34840318,15.48030313,16.78682117,18.14654091,19.06040859,19.70016918
M,44.5,12.78746137,13.09118938,13.5858142,14.49391163,15.64343309,16.97372594,18.36225594,19.29789203,19.95406774
M,45.5,12.91233523,13.21963362,13.72043155,14.64105343,15.80872535,17.16336229,18.58127627,19.53907323,20.21194963
M,46.5,13.03792328,13.34895376,13.85617947,14.78976688,15.97610456,17.3556371,18.80348418,19.78381251,20.47365655
M,47.5,13.16419231,13.47910915,13.99300607,14.93998212,16.14548194,17.55044259,19.02875229,20.03196776,20.73903469
M,48.5,13.29110715,13.61005739,14.13085804,15.0916281,16.31676727,17.74766896,19.25695041,20.28339348,21.00792648
M,49.5,13.41863676,13.74175874,14.26968247,15.24463077,16.4898646,17.94720007,19.48794495,20.53794512,21.28017953
M,50.5,13.54675344,13.87417598,14.40942768,15.39891519,16.66467529,18.14891672,19.72160147,20.79548054,21.55564717
M,51.5,13.67543322,14.0072749,14.55004391,15.55440665,16.84109948,18.35269841,19.95778649,21.05586181,21.83419011
M,52.5,13.8046561,14.14102471,14.69148397,15.71103166,17.01903746,18.55842485,20.19636905,21.31895671,22.11567799
M,53.5,13.93440617,14.27539832,14.83370375,15.86871877,17.1983908,18.76597736,20.43722215,21.58464011,22.39999059
M,54.5,14.06467165,14.41037252,14.97666256,16.0273993,17.37906341,18.9752401,20.68022399,21.85279508,22.68701888
M,55.5,14.19544485,14.54592801,15.12032345,16.18700795,17.56096245,19.18610119,20.92525904,22.12331387,22.97666583
M,56.5,14.3267205,14.68204842,15.26465308,16.34748412,17.74400082,19.39845556,21.17221993,22.3960982,23.26884512
M,57.5,14.45850147,14.81872422,15.40962296,16.50876909,17.92809121,19.61219848,21.42100482,22.67106204,23.56348925
M,58.5,14.59079005,14.95594682,15.55520788,16.670811,18.11315625,19.82723683,21.67152294,22.94812899,23.86053886
M,59.5,14.7235931,15.09371211,15.70138696,16.83356209,18.29912286,20.04348292,21.92369204,23.22723469,24.15995003
M,60.5,14.85692044,15.23201937,15.8481433,16.99697963,18.48592413,20.26085668,22.17743954,23.50832656,24.46169255
M,61.5,14.99078448,15.37087094,15.9954639,17.16102601,18.67349965,20.47928605,22.43270288,23.79136391,24.76574995
M,62.5,15.12519986,15.51027205,16.14333947,17.32566884,18.86179576,20.69870731,22.6894297,24.07631802,25.07211926
M,63.5,15.26018306,15.65023042,16.29176433,17.49088098,19.05076579,20.9190654,22.94757799,24.36317198,25.38081076
M,64.5,15.39575201,15.79075599,16.44073615,17.65664052,19.24037019,21.14031403,23.20711615,24.65192058,25.69184758
M,65.5,15.53192567,15.93186059,16.59025577,17.82293074,19.43057662,21.36241588,23.46802293,24.94257,26.00526525
M,66.5,15.66872366,16.07355758,16.74032694,17.98974005,19.62136007,21.58534268,23.73028735,25.23513755,26.32111112
M,67.5,15.80616582,16.21586154,16.8909561,18.15706188,19.8127028,21.80907518,23.99390857,25.52965118,26.63944376
M,68.5,15.94427185,16.35878793,17.04215212,18.32489457,20.0045944,22.03360322,24.25889565,25.82614911,26.96033222
M,69.5,16.08306098,16.50235277,17.19392605,18.49324122,20.19703171,22.25892561,24.52526733,26.12467926,27.28385531
M,70.5,16.22255158,16.64657235,17.34629087,18.66210955,20.39001872,22.48505007,24.79305175,26.42529873,27.6101008
M,71.5,16.36275897,16.79146158,17.49926081,18.83151262,20.58356862,22.71199557,25.06228739,26.72807261,27.93916194
M,72.5,16.50370229,16.93703875,17.65285271,19.00146515,20.77769565,22.93978291,25.33301794,27.03307565,28.27114631
M,73.5,16.64539409,17.08331814,17.80708353,19.17198834,20.97242631,23.16844769,25.60529875,27.34038832,28.60616106
M,74.5,16.78784656,17.23031439,17.96197153,19.34310643,21.16779192,23.39803173,25.87919213,27.6500983,28.94432077
M,75.5,16.93106986,17.37804118,18.11753578,19.51484724,21.36383013,23.62858485,26.15476795,27.96229925,29.2857444
M,76.5,17.07507197,17.52651109,18.2737959,19.68724198,21.56058467,23.86016456,26.43210324,28.27709021,29.63055429
M,77.5,17.21985864,17.6757355,18.43077195,19.86032494,21.75810506,24.09283575,26.71128177,28.59457486,29.97887524
M,78.5,17.36543339,17.82572453,18.58848423,20.03413327,21.95644627,24.32667035,26.99239357,28.91486092,30.33083356
M,79.5,17.51179749,17.97648696,18.74695318,20.20870673,22.15566842,24.56174697,27.27553447,29.23805946,30.68655618
M,80.5,17.65894807,18.12802886,18.90619877,20.38408835,22.35583862,24.79815314,27.56080718,29.56428369,31.04616685
M,81.5,17.80688538,18.28035866,19.06624222,20.56032091,22.55702268,25.03597537,27.84831538,29.89365038,31.40979543
M,82.5,17.95560314,18.4334803,19.22710346,20.73745116,22.75929558,25.27531174,28.13817063,30.2262764,31.77756321
M,83.5,18.10509471,18.58739757,19.38880264,20.9155269,22.9627344,25.51626345,28.43048732,30.56227989,32.14959054
M,84.5,18.25535252,18.74211363,19.55135989,21.09459707,23.16741888,25.75893543,28.72538282,30.90177938,32.52599493
M,85.5,18.4063661,18.89762965,19.71479476,21.2747126,23.37343341,26.00343881,29.02297867,31.24489263,32.90688716
M,86.5,18.55812709,19.05394835,19.87912757,21.45592408,23.58086145,26.24988395,29.32339625,31.59173734,33.29237745
M,87.5,18.71062426,19.21107044,20.044378,21.63828396,23.78979096,26.49838713,29.62676053,31.94242919,33.68256717
M,88.5,18.86384686,19.36899699,20.21056603,21.82184504,24.00031064,26.74906587,29.93319702,32.29708214,34.07755271
M,89.5,19.01778428,19.52772926,20.37771189,22.00666068,24.21251028,27.00203925,30.24283177,32.65580771,34.47742403
M,90.5,19.17242647,19.68726895,20.54583618,22.19278461,24.42648043,27.25742737,30.55579074,33.01871449,34.88226421
M,91.5,19.32776424,19.84761848,20.71496001,22.38027095,24.642312,27.51535075,30.87219924,33.38590769,35.2921491
M,92.5,19.48378967,20.00878127,20.88510518,22.56917407,24.86009596,27.77592982,31.19218135,33.75748861,35.707147
M,93.5,19.64049642,20.17076208,21.05629437,22.75954858,25.07992303,28.03928438,31.51585929,34.13355425,36.12731836
M,94.5,19.79787788,20.33356558,21.22855059,22.95145019,25.30188584,28.30553622,31.8433549,34.51419632,36.55271218
M,95.5,19.95593574,20.49720276,21.40189997,23.14493249,25.52606977,28.57479705,32.17478161,34.89950266,36.98337837
M,96.5,20.1146687,20.66168259,21.57636833,23.34005152,25.75256528,28.84718437,32.51025437,35.28955426,37.41934991
M,97.5,20.27408001,20.82701772,21.75198362,23.53686295,25.9814599,29.12281085,32.84988252,35.68442647,37.86065382
M,98.5,20.43417606,20.9932234,21.92877558,23.73542282,26.2128399,29.40178631,33.19377093,36.08418823,38.30730842
M,99.5,20.59496663,21.16031766,22.10677591,23.93578761,26.44679027,29.68421748,33.54201944,36.48890176,38.75932329
M,100.5,20.75646502,21.32832161,22.28601843,24.13801431,26.68339457,29.97020767,33.8947225,36.89862215,39.21669915
M,101.5,20.91868832,21.49725951,22.46653924,24.34216053,26.92273494,30.25985653,34.25196875,37.31339712,39.67942783
M,102.5,21.08165758,21.66715902,22.64837687,24.54828458,27.16489199,30.5532598,34.61384061,37.73326669,40.14749235
M,103.5,21.24539741,21.83805093,22.83157226,24.7564457,27.40994539,30.85050986,34.98041447,38.15826287,40.62086606
M,104.5,21.40993987,22.00997207,23.01617007,24.96670281,27.65796978,31.15169009,35.35175676,38.5884101,41.09951874
M,105.5,21.57531575,22.18295884,23.20221593,25.17911785,27.90904433,31.45688766,35.72793225,39.02372343,41.58340237
M,106.5,21.74156399,22.35705429,23.38975956,25.39375238,28.16324264,31.76617973,36.10899472,39.46421007,42.07246636
M,107.5,21.90872739,22.53230492,23.57885344,25.61066925,28.42063744,32.07963965,36.49499102,39.90986854,42.56665066
M,108.5,22.07685313,22.70876108,23.769553,25.82993243,28.68130005,32.39733625,36.8859604,40.36068858,43.06588662
M,109.5,22.24599293,22.8864771,23.96191672,26.05160708,28.94530029,32.71933351,37.28193426,40.81665117,43.57009739
M,110.5,22.41620302,23.06551129,24.15600612,26.27575951,29.21270645,33.04569055,37.68293608,41.27772848,44.07919809
M,111.5,22.58754414,23.24592593,24.35188577,26.50245719,29.48358527,33.37646157,38.08898133,41.74388392,44.59309597
M,112.5,22.76008145,23.42778723,24.54962324,26.73176876,29.75800198,33.7116958,38.50007744,42.21507216,45.11169064
M,113.5,22.93388449,23.61116524,24.74928911,26.96376399,30.03602021,34.05143747,38.9162238,42.69123922,45.63487433
M,114.5,23.10902476,23.79613202,24.95095592,27.19851432,30.31770417,34.39572894,39.33741401,43.17232241,46.16252884
M,115.5,23.28558367,23.98276774,25.15470129,27.43609072,30.60311107,34.74459982,39.76362815,43.65825106,46.69453697
M,116.5,23.46364195,24.17115246,25.36060368,27.67656629,30.89230072,35.09808092,40.19484291,44.14894598,47.23076853
M,117.5,23.6432856,24.36137073,25.56874466,27.92001453,31.18532984,35.45619608,40.63102576,44.64432008,47.77108893
M,118.5,23.8246044,24.55351042,25.77920825,28.16650963,31.48225315,35.81896391,41.07213642,45.1442785,48.31535768
M,119.5,24.00769173,24.74766249,25.99208072,28.41612623,31.78312329,36.18639776,41.51812687,45.64871885,48.86342877
M,120.5,24.19264433,24.94392079,26.20745042,28.66893932,32.08799062,36.55850564,41.96894158,46.15753154,49.41515104
M,121.5,24.37956211,25.14238189,26.42540754,28.92502395,32.39690313,36.9352902,42.42451755,46.67060006,49.97036852
M,122.5,24.5685479,25.34314479,26.64604388,29.18445509,32.7099062,37.31674867,42.88478457,47.18780128,50.52892088
M,123.5,24.75970717,25.54631065,26.86945259,29.44730733,33.02704244,37.70287276,43.34966531,47.70900582,51.09064381
M,124.5,24.95314776,25.75198256,27.09572788,29.7136546,33.34835148,38.09364865,43.81907554,48.23407839,51.65536941
M,125.5,25.14897956,25.96026515,27.32496472,29.98356997,33.67386973,38.48905687,44.29292431,48.76287816,52.22292668
M,126.5,25.3473142,26.17126436,27.55725852,30.25712523,34.00363017,38.88907228,44.77111415,49.29525914,52.79314187
M,127.5,25.54826471,26.38508699,27.79270478,30.53439065,34.33766207,39.29366396,45.2535413,49.83107058,53.36583897
M,128.5,25.75194512,26.60184044,28.03139872,30.8154346,34.67599076,39.70279517,45.74009589,50.37015732,53.94084012
M,129.5,25.95847011,26.82163224,28.27343489,31.1003232,35.01863732,40.11642323,46.23066219,50.91236024,54.51796605
M,130.5,26.16795559,27.0445704,28.51890714,31.38911963,35.36561737,40.53449819,46.72511793,51.45751679,55.09703793
M,131.5,26.38051177,27.27075818,28.76790586,31.6818858,35.71694723,40.95697152,47.22334049,52.00546039,55.67786843
M,132.5,26.59626062,27.50030694,29.02052392,31.97867622,36.07262569,41.38377162,47.72519072,52.55602363,56.26028801
M,133.5,26.81530934,27.73331628,29.27684696,32.27954601,36.43265996,41.81483955,48.23053714,53.10903452,56.84410756
M,134.5,27.03777112,27.96988937,29.53696045,32.58454356,36.79704392,42.25009969,48.73923662,53.66432034,57.42914961
M,135.5,27.26375553,28.21012567,29.80094595,32.89371309,37.1657671,42.68947235,49.25114312,54.22170647,58.01523548
M,136.5,27.49336962,28.45412164,30.06888124,33.20709368,37.53881268,43.13287143,49.76610635,54.7810171,58.60218796
M,137.5,27.72671746,28.70197022,30.34083979,33.52471882,37.91615721,43.58020437,50.28397203,55.34207557,59.18983178
M,138.5,27.96389959,28.95376036,30.61689027,33.84661596,38.2977703,44.03137211,50.80458216,55.90470472,59.77799389
M,139.5,28.20501252,29.20957645,30.89709604,34.17280606,38.6836143,44.48626901,51.32777521,56.46872726,60.36650388
M,140.5,28.4501482,29.46949781,31.18151463,34.50330312,39.07364401,44.94478284,51.85338637,57.03396609,60.95519425
M,141.5,28.69939347,29.73359819,31.47019723,34.83811379,39.46780643,45.40679475,52.38124777,57.6002446,61.54390076
M,142.5,28.95282957,30.00194519,31.76318818,35.17723687,39.86604044,45.8721792,52.91118868,58.167387,62.13246268
M,143.5,29.21053153,30.27459974,32.06052445,35.52066292,40.26827652,46.34080401,53.44303574,58.73521857,62.72072311
M,144.5,29.47256769,30.55161562,32.36223514,35.8683738,40.67443658,46.81253029,53.97661318,59.30356596,63.30852916
M,145.5,29.73899917,30.83303885,32.66834099,36.22034231,41.08443363,47.28721249,54.51174297,59.87225739,63.89573222
M,146.5,30.00987927,31.11890724,32.97885387,36.57653175,41.49817164,47.76469837,55.04824506,60.44112289,64.48218816
M,147.5,30.28525305,31.40924987,33.29377635,36.9368956,41.91554528,48.24482905,55.58593751,61.00999451,65.06775743
M,148.5,30.56515671,31.70408654,33.61310119,37.3013771,42.33643978,48.72743903,56.1246367,61.5787065,65.65230527
M,149.5,30.84961718,32.00342738,33.93681092,37.669909,42.76073078,49.21235624,56.66415748,62.14709543,66.23570179
M,150.5,31.13865154,32.30727227,34.26487746,38.04241318,43.18828419,49.6994021,57.20431332,62.71500036,66.81782206
M,151.5,31.43226571,32.61560983,34.59726137,38.4188008,43.61895703,50.1883928,57.74491716,63.28226272,67.39854494
M,152.5,31.73045808,32.92841993,34.9339128,38.79897039,44.0525931,50.67913392,58.2857783,63.84872734,67.97775861
M,153.5,32.03321196,33.24566815,35.27476898,39.18281045,44.48903027,51.17142989,58.82670813,64.41424088,68.5553511
M,154.5,32.34050069,33.56730937,35.61975555,39.57019714,44.92809483,51.66507694,59.36751587,64.97865313,69.13121752
M,155.5,32.6522856,33.8932863,35.96878581,39.96099475,45.36960315,52.15986523,59.90801,65.54181664,69.70525793
M,156.5,32.96851571,34.22352911,36.32176053,40.35505561,45.81336172,52.65557906,60.44799828,66.1035867,70.27737718
M,157.5,33.28912731,34.5579552,36.67856768,40.75222006,46.25916729,53.15199704,60.98728788,66.66382131,70.8474848
M,158.5,33.61404373,34.8964689,37.03908232,41.15231646,46.70680701,53.64889226,61.52568545,67.22238111,71.41549477
M,159.5,33.94317499,35.23896126,37.40316649,41.55516124,47.15605863,54.14603254,62.06299719,67.77912926,71.98132532
M,160.5,34.27641756,35.58530989,37.7706691,41.96055897,47.60669074,54.64318067,62.59902894,68.33393136,72.54489869
M,161.5,34.61365176,35.9353771,38.14142532,42.36830371,48.05846572,55.14009784,63.13358794,68.88665453,73.10613746
M,162.5,34.95474943,36.28901539,38.51525867,42.77817554,48.51113138,55.63653354,63.66647721,69.43716965,73.66497514
M,163.5,35.29956396,36.64606043,38.89197851,43.1899454,48.96443224,56.13223889,64.19750276,69.98534819,74.22134215
M,164.5,35.64793577,37.00633501,39.27138168,43.6033728,49.41810374,56.62695959,64.72646954,70.53106367,74.77517319
M,165.5,35.99969112,37.36964826,39.65325233,44.01820683,49.87187409,57.12043787,65.25318239,71.07419108,75.32640513
M,166.5,36.354642,37.73579576,40.03736224,44.43418656,50.32546478,57.61241293,65.77744608,71.6146066,75.87497649
M,167.5,36.71258626,38.10455963,40.42347105,44.8510416,50.77859121,58.10262135,66.29906539,72.15218736,76.42082697
M,168.5,37.07330766,38.47570882,40.81132672,45.26849262,51.23096332,58.59079757,66.81784516,72.68681109,76.96389688
M,169.5,37.43657601,38.84899932,41.20066588,45.68625203,51.68228625,59.07667438,67.33359031,73.21835588,77.50412655
M,170.5,37.80214741,39.22417451,41.5912144,46.10402466,52.13226113,59.55998349,67.846106,73.7466998,78.04145573
M,171.5,38.16976444,39.60096552,41.98268787,46.5215085,52.58058583,60.04045606,68.35519765,74.27172061,78.57582294
M,172.5,38.53915657,39.97909172,42.37479226,46.93839552,53.02695588,60.51782332,68.86067105,74.79329538,79.10716478
M,173.5,38.91004046,40.35826115,42.76722456,47.35437254,53.47106525,60.99181722,69.36233252,75.31130018,79.63541524
M,174.5,39.28212045,40.73817116,43.15967355,47.76912213,53.91260737,61.4621711,69.85998897,75.82560968,80.16050495
M,175.5,39.65508906,41.118509,43.55182054,48.18232356,54.35127608,61.92862037,70.35344811,76.33609688,80.68236046
M,176.5,40.02862762,41.49895256,43.94334028,48.59365384,54.78676659,62.3909033,70.8425186,76.84263269,81.20090348
M,177.5,40.40240687,41.8791711,44.33390178,49.00278873,55.21877657,62.84876169,71.32701026,77.34508562,81.71605007
M,178.5,40.77608405,42.25882349,44.72316843,49.40940563,55.64701131,63.30194659,71.80673678,77.84332029,82.22770492
M,179.5,41.14932239,42.63757221,45.1108035,49.81317566,56.07116407,63.75019486,72.2815034,78.33720309,82.73578555
M,180.5,41.52175462,43.01505816,45.49646217,50.21378283,56.49095862,64.19327833,72.75113236,78.82658994,83.24017154
M,181.5,41.89302144,43.39092788,45.87980164,50.61090716,56.90610886,64.63095632,73.21543801,79.31133801,83.74075385
M,182.5,42.26275389,43.76482163,46.26047782,51.0042348,57.31634059,65.06300059,73.6742397,79.79129954,84.23740907
M,183.5,42.63057829,44.13637714,46.63814737,51.39345743,57.72138846,65.48919135,74.12735965,80.26632286,84.73000377
M,184.5,42.99611758,44.50523096,47.01246901,51.77827341,58.12099696,65.90931806,74.57462329,80.73625224,85.21839391
M,185.5,43.3589927,44.87101979,47.3831047,52.15838887,58.51492143,66.32318017,75.01585966,81.20092786,85.70242429
M,186.5,43.71882106,45.23337973,47.74972019,52.53352018,58.90293208,66.73059164,75.45090384,81.66018503,86.18192445
M,187.5,44.07523324,45.59195858,48.11199053,52.90338872,59.28479948,67.13136309,75.87958721,82.11385795,86.65672655
M,188.5,44.42784452,45.94639581,48.46959303,53.26773454,59.66032626,67.52533948,76.30175821,82.56177239,87.12662858
M,189.5,44.77628678,46.29634576,48.82221709,53.62630488,60.02931704,67.91236375,76.71726244,83.00375329,87.59143077
M,190.5,45.1202019,46.64147321,49.16956302,53.97885832,60.39158721,68.29228717,77.12594864,83.43962339,88.05092631
M,191.5,45.45922209,46.98143987,49.51133821,54.32517625,60.74698785,68.66499835,77.5276843,83.8691966,88.50487158
M,192.5,45.79300591,47.31593016,49.84726703,54.66504759,61.09536847,69.03037911,77.92233231,84.29228904,88.95303286
M,193.5,46.12121938,47.64463827,50.17708708,54.9982797,61.43660077,69.38833214,78.30976593,84.70871297,89.39515827
M,194.5,46.4435428,47.96727332,50.5005518,55.32469696,61.77057372,69.73877506,78.68986591,85.1182789,89.83098491
M,195.5,46.75967279,48.2835611,50.81743186,55.64414166,62.09719399,70.08164061,79.0625209,85.52079616,90.26023965
M,196.5,47.06932426,48.59324591,51.12751661,55.95647478,62.41638628,70.41687682,79.42762779,85.91607365,90.68264001
M,197.5,47.37223239,48.89609218,51.43061537,56.26157681,62.72809362,70.74444713,79.78509216,86.30392061,91.09789536
M,198.5,47.66815456,49.1918862,51.72655874,56.55934839,63.03227756,71.06433046,80.13482859,86.68414749,91.50570814
M,199.5,47.9568721,49.4804377,52.01519982,56.8497111,63.32891841,71.3765212,80.47676112,87.0565669,91.90577541
M,200.5,48.23819204,49.76158125,52.29641539,57.13260799,63.61801537,71.68102918,80.81082354,87.42099463,92.29779046
M,201.5,48.5119486,50.03517772,52.57010692,57.40800416,63.89958662,71.97787966,81.1369598,87.77725073,92.6814447
M,202.5,48.77800463,50.30111539,52.83620153,57.67588728,64.17366943,72.26711325,81.45512442,88.12516072,93.05642962
M,203.5,49.03625275,50.55931105,53.09465275,57.93626794,64.44032016,72.54878582,81.76528289,88.46455683,93.42243904
M,204.5,49.28661635,50.8097108,53.34544121,58.18918,64.69961427,72.82296841,82.06741212,88.79527942,93.77917145
M,205.5,49.52905029,51.05229071,53.58857507,58.43468077,64.95164625,73.08974718,82.3615009,89.11717836,94.12633257
M,206.5,49.76354136,51.28705716,53.82409032,58.67285105,65.1965295,73.34922324,82.64755047,89.43011463,94.46363806
M,207.5,49.99010333,51.51404335,54.05204939,58.90379742,65.43440186,73.60151968,82.92557908,89.73396054,94.79080897
M,208.5,50.2087994,51.73332523,54.27254708,59.1276417,65.66540015,73.84675041,83.19560496,90.02860798,95.10760779
M,209.5,50.41970456,51.94499451,54.48570012,59.3445374,65.88970117,74.08507097,83.45767612,90.31395969,95.41378755
M,210.5,50.62293176,52.14917717,54.69165364,59.55465678,66.10749114,74.31664141,83.71184998,90.58993909,95.70913474
M,211.5,50.81862346,52.34602709,54.89057819,59.75819326,66.31897311,74.54163604,83.95819995,90.85649043,95.99346235
M,212.5,51.00695001,52.53572455,55.08266832,59.95536025,66.52436618,74.76024322,84.19681638,91.11358115,96.26661385
M,213.5,51.18810764,52.71847428,55.26814081,60.1463897,66.72390443,74.97266503,84.42780754,91.36120451,96.52846743
M,214.5,51.36231608,52.89450319,55.44723255,60.33153027,66.91783563,75.17911684,84.6513007,91.59938232,96.77894046
M,215.5,51.52981582,53.06405769,55.62019799,60.51104512,67.10641956,75.37982657,84.86744322,91.82816795,97.01799447
M,216.5,51.69086489,53.22740059,55.78730622,60.68520928,67.28992603,75.57503388,85.07640364,92.04764958,97.24564034
M,217.5,51.8457352,53.38480749,55.94883747,60.85430662,67.46863255,75.76498909,85.27837286,92.25795363,97.46194398
M,218.5,51.99471665,53.53656883,56.10508206,61.0186237,67.64281378,75.94994171,85.47355853,92.4592488,97.66704065
M,219.5,52.13808124,53.68296205,56.25632509,61.17845532,67.8127675,76.13017744,85.66221241,92.65174946,97.8611107
M,220.5,52.27611902,53.82427723,56.402856,61.33408787,67.97877331,76.30596623,85.84459728,92.83571985,98.04442516
M,221.5,52.4091082,53.96079321,56.54495425,61.48580086,68.14111022,76.47758936,86.02100855,93.0114792,98.21733128
M,222.5,52.53731392,54.09277512,56.68288493,61.63385984,68.30004741,76.64533092,86.1917714,93.17940638,98.38026471
M,223.5,52.66097508,54.22046291,56.81689002,61.77851223,68.4558454,76.80948323,86.35724712,93.33994398,98.53374986
M,224.5,52.78032448,54.34408388,56.94718918,61.91996953,68.60872174,76.97030781,86.51781277,93.49360895,98.67844376
M,225.5,52.89553346,54.46381004,57.073957,62.05841733,68.75889263,77.12809294,86.6739,93.64099003,98.8150862
M,226.5,53.00673755,54.57977424,57.19732448,62.19399335,68.90653028,77.28310484,86.82596904,93.7827601,98.94455298
M,227.5,53.11401756,54.69205355,57.31736613,62.32678127,69.05176427,77.43559533,86.97451776,93.91968135,99.06785516
M,228.5,53.21738885,54.80065842,57.43408908,62.45680021,69.19467288,77.58579719,87.12008338,94.05261232,99.18615007
M,229.5,53.31678976,54.90552089,57.54742113,62.58399337,69.33527376,77.73391919,87.26324432,94.18251529,99.30075287
M,230.5,53.41206904,55.00648181,57.6571979,62.70821568,69.47351373,77.88014066,87.40462203,94.31046411,99.41314881
M,231.5,53.50297229,55.10327703,57.7631489,62.8292204,69.60925782,78.02460556,87.54488282,94.43765234,99.5250061
M,232.5,53.58912711,55.19552245,57.86488244,62.94664487,69.74227758,78.16741625,87.6847398,94.56540179,99.63818945
M,233.5,53.67002691,55.28269761,57.96186944,63.0599953,69.87223885,78.30862691,87.82495478,94.69517136,99.75477412
M,234.5,53.74501298,55.36412796,58.05342591,63.16863065,69.99868896,78.44823694,87.96634036,94.82856611,99.87706036
M,235.5,53.8132547,55.43896526,58.13869414,63.27174585,70.12104381,78.58618425,88.10976202,94.96734651,100.0075883
M,236.5,53.87372737,55.50616614,58.2166225,63.36835431,70.23857482,78.72233893,88.25614046,95.11343784,100.1491529
M,237.5,53.92518731,55.56446839,58.28594368,63.45727001,70.35039626,78.85649725,88.40645399,95.26893942,100.3048189
M,238.5,53.96613658,55.61235958,58.34514946,63.53709257,70.45546105,78.98838596,88.56174643,95.43613181,100.477926
M,239.5,53.99481762,55.64806673,58.39247268,63.6061772,70.55252127,79.11762417,88.72311137,95.61749303,100.6721384
M,240,54.00391729,55.66071006,58.41104572,63.6361125,70.59761453,79.18111482,88.80643527,95.71431427,100.7783809
F,24,9.985667562,10.2102741,10.57373483,11.23356786,12.05503983,12.98666951,13.93766409,14.56636479,15.00156359
F,24.5,10.04880792,10.27482893,10.64075988,11.30566642,12.13455523,13.07613207,14.03902482,14.67658551,15.1183895
F,25.5,10.17173432,10.40066415,10.77166654,11.44696728,12.2910249,13.25293458,14.24016506,14.89587242,15.35122084
F,26.5,10.29079033,10.52273569,10.89898512,11.58501268,12.44469258,13.42753123,14.43983825,15.1142761,15.58362686
F,27.5,10.40664383,10.64171007,11.02338047,11.72046615,12.59622335,13.60059358,14.63872906,15.33249457,15.8163176
F,28.5,10.51990171,10.7581918,11.14545358,11.8539236,12.74620911,13.77271274,14.83743315,15.55113065,16.0499034
F,29.5,10.63111516,10.8727282,11.26574591,11.98591692,12.89517218,13.94440383,15.03646393,15.770701,16.28490586
F,30.5,10.74078194,10.98581228,11.38474303,12.11691911,13.04357164,14.11611337,15.23626013,15.99164336,16.52176469
F,31.5,10.84934933,11.09788597,11.50287836,12.24734867,13.19180874,14.28822545,15.43719269,16.21432377,16.76084508
F,32.5,10.95721927,11.2093447,11.62053698,12.37757256,13.34022934,14.46106492,15.63957012,16.43904429,17.00244749
F,33.5,11.0647471,11.32053778,11.7380584,12.50791249,13.48913319,14.6349076,15.8436466,16.66604785,17.24680927
F,34.5,11.17224778,11.43177357,11.85574032,12.63864672,13.63877446,14.80998135,16.04962601,16.89552564,17.49411514
F,35.5,11.27999893,11.54332263,11.9738418,12.77001339,13.78936547,14.98647034,16.25766706,17.12762297,17.74450372
F,36.5,11.38824099,11.65541879,12.0925858,12.90221529,13.94108332,15.16452247,16.46788956,17.3624437,17.9980699
F,37.5,11.49718137,11.76826286,12.21216229,13.03542218,14.09407175,15.34425164,16.68037834,17.60005585,18.25487219
F,38.5,11.60699649,11.88202491,12.33273088,13.16977393,14.24844498,15.52574208,16.89518784,17.84049621,18.51493707
F,39.5,11.71783343,11.99684628,12.45442324,13.3053838,14.40429169,15.7090529,17.11234657,18.08377443,18.77826268
F,40.5,11.82981465,12.11284345,12.57734604,13.44233976,14.56167529,15.89421842,17.33185956,18.329878,19.04482627
F,41.5,11.94303682,12.23010816,12.7015826,13.58070885,14.72064045,16.08125551,17.55371382,18.57877485,19.31458378
F,42.5,12.05757491,12.34871076,12.82719552,13.72053844,14.88121352,16.27016402,17.77788046,18.83041754,19.58747608
F,43.5,12.17348363,12.46870194,12.95422865,13.86185877,15.04340553,16.4609302,18.00431807,19.08474635,19.86343169
F,44.5,12.29079939,12.59011469,13.08270906,14.00468502,15.20721443,16.65352914,18.23297548,19.34169227,20.14236985
F,45.5,12.40954207,12.71296607,13.21264896,14.14901929,15.37262729,16.84792719,18.46379435,19.60117968,20.42420335
F,46.5,12.52971675,12.837259,13.3440474,14.29485248,15.53962221,17.04408407,18.69671155,19.86312888,20.70884106
F,47.5,12.65131534,12.96298387,13.47689199,14.44216593,15.70817017,17.24195488,18.9316613,20.12745836,20.99619028
F,48.5,12.77431816,13.09012012,13.61116044,14.59093307,15.87823668,17.44149184,19.16857713,20.3940868,21.28615884
F,49.5,12.89869431,13.21863694,13.74682181,14.74112146,16.04978452,17.64264736,19.40739437,20.66293462,21.57865549
F,50.5,13.0244072,13.34849756,13.88383882,14.89269209,16.2227706,17.84537017,19.64804889,20.93392691,21.8735972
F,51.5,13.15141009,13.47965651,14.02216781,15.04560355,16.39715363,18.04961414,19.8904825,21.20699305,22.17090276
F,52.5,13.279651,13.61206342,14.16176079,15.19981137,16.57289122,18.25533469,20.13464164,21.48206912,22.47049907
F,53.5,13.40907302,13.74566354,14.30256641,15.35526953,16.74994187,18.46249096,20.38047905,21.75909881,22.7723211
F,54.5,13.53961547,13.88039891,14.44453095,15.51193144,16.92826587,18.67104666,20.62795467,22.0380343,23.07631287
F,55.5,13.67121491,14.0162093,14.58759933,15.66975084,17.10782615,18.88097086,20.87703643,22.31883709,23.3824283
F,56.5,13.80380614,14.15303322,14.731716,15.82868259,17.28858894,19.09223862,21.12770084,22.60147865,23.69063187
F,57.5,13.9373231,14.29080875,14.87682577,15.9886834,17.47052444,19.30483153,21.37993353,22.88594093,24.00089913
F,58.5,14.07169977,14.42947441,15.02287453,16.14971251,17.65360733,19.51873814,21.63372961,23.17221677,24.31321719
F,59.5,14.20687088,14.56896986,15.16981002,16.31173224,17.83781722,19.73395429,21.88909396,23.46031012,24.62758492
F,60.5,14.34277271,14.70923661,15.31758235,16.47470852,18.02313904,19.95048336,22.14604136,23.75023626,24.94401317
F,61.5,14.47934293,14.85021811,15.46614444,16.63861163,18.20956418,20.16833747,22.40459718,24.04202158,25.26252369
F,62.5,14.61652406,14.9918623,15.61545325,16.80341543,18.3970876,20.38753372,22.66479513,24.33570429,25.5831532
F,63.5,14.75426001,15.13411929,15.76546914,16.96909934,18.58571243,20.60809964,22.92668027,24.63133325,25.90594748
F,64.5,14.89249907,15.27694359,15.91615695,17.13564756,18.77544728,20.83006969,23.19030686,24.92896835,26.23096473
F,65.5,15.03119376,15.42029408,16.06748615,17.30304956,18.966307,21.05348599,23.45573857,25.22868007,26.55827443
F,66.5,15.17030121,15.56413437,16.21943117,17.4713002,19.15831267,21.27839816,23.72304816,25.5305491,26.88795694
F,67.5,15.30978338,15.70843301,16.37197155,17.64039992,19.35149163,21.50486316,23.99231712,25.83466581,27.2201029
F,68.5,15.4496077,15.85316397,16.52509225,17.81035463,19.54587708,21.7329446,24.263635,26.14112991,27.55481321
F,69.5,15.5897467,15.99830645,16.67878363,17.98117606,19.74150854,21.96271325,24.53709941,26.45004964,27.89219758
F,70.5,15.73017845,16.1438452,16.83304163,18.15288153,19.93843145,22.19424627,24.8128152,26.76154129,28.2323743
F,71.5,15.87088741,16.28977109,16.98786798,18.32549376,20.13669623,22.42762598,25.09089343,27.07572865,28.57547042
F,72.5,16.01186303,16.43608019,17.14326985,18.49904125,20.33635961,22.66294138,25.3714519,27.39274198,28.92161906
F,73.5,16.15310112,16.58277468,17.29926017,18.67355775,20.53748298,22.90028597,25.65461346,27.71271759,29.27096042
F,74.5,16.29460329,16.72986243,17.4558574,18.84908224,20.74013277,23.13975807,25.94050589,28.03579694,29.62364011
F,75.5,16.43637669,16.87735682,17.61308542,19.02565892,20.94438028,23.38146064,26.22926131,28.36212579,29.97980811
F,76.5,16.57843458,17.02527707,17.77097356,19.20333679,21.15030093,23.62550009,26.52101516,28.69185351,30.33961853
F,77.5,16.72079656,17.17364841,17.92955656,19.38216922,21.35797332,23.87198507,26.815905,29.02513239,30.70322948
F,78.5,16.86348713,17.32250091,18.08887399,19.56221428,21.56748045,24.12102802,27.11407112,29.36211644,31.07080008
F,79.5,17.00653572,17.47186953,18.24897012,19.74353436,21.77890902,24.37274421,27.41565556,29.70296069,31.44248988
F,80.5,17.14997871,17.62179544,18.40989435,19.92619507,21.99234686,24.62724833,27.72079958,30.04782073,31.81846107
F,81.5,17.2938564,17.77232382,18.57170012,20.110266,22.20788541,24.88465774,28.02964533,30.39685131,32.19887352
F,82.5,17.43821437,17.92350474,18.73444512,20.29581981,22.4256177,25.14508981,28.3423338,30.75020585,32.58388611
F,83.5,17.58310295,18.07539265,18.89819089,20.48293203,22.64563824,25.40866182,28.65900443,31.10803553,32.97365535
F,84.5,17.72857693,18.2280462,19.06300261,20.67168066,22.86804258,25.67549032,28.97979428,31.47048848,33.3683346
F,85.5,17.87469542,18.38152794,19.22894873,20.86214582,23.09292679,25.94569055,29.30483741,31.83770901,33.76807319
F,86.5,18.02152302,18.53590513,19.39610118,21.05440884,23.32038549,26.21937378,29.63426278,32.2098371,34.17301785
F,87.5,18.16912246,18.69124428,19.56453273,21.24855446,23.55051871,26.49665657,29.96819988,32.58700628,34.5833014
F,88.5,18.31756871,18.84762137,19.73432134,21.44466518,23.78341652,26.77764034,30.30676532,32.96934568,34.99906317
F,89.5,18.46693089,19.00510849,19.90554403,21.64282737,24.01917703,27.06243533,30.65007797,33.35697585,35.42042208
F,90.5,18.61728653,19.16378421,20.07828129,21.84312554,24.25789074,27.35113996,30.99824532,33.75001097,35.84749737
F,91.5,18.76871394,19.32372789,20.25261432,22.04564463,24.49964778,27.64385046,31.3513695,34.14855665,36.28039703
F,92.5,18.92129383,19.48502077,20.42862531,22.25046892,24.74453536,27.94065757,31.70954484,34.55270981,36.71922013
F,93.5,19.07510898,19.64774563,20.60639712,22.45768158,24.99263735,28.24164611,32.07285742,34.96255799,37.16405609
F,94.5,19.23024402,19.8119865,20.7860129,22.6673643,25.24403371,28.54689431,32.44138436,35.37817885,37.61498429
F,95.5,19.38678267,19.9778266,20.96755499,22.87959773,25.49880264,28.85647669,32.81519554,35.79963916,38.07206991
F,96.5,19.54481057,20.14535023,21.15110555,23.09445998,25.7570168,29.17045929,33.19435025,36.2269949,38.53536809
F,97.5,19.70441527,20.31464276,21.33674635,23.31202608,26.01874261,29.4888987,33.5788965,36.66029091,39.00492396
F,98.5,19.86568272,20.48578791,21.52455736,23.53236883,26.28404312,29.8118461,33.9688734,37.09955982,39.48076746
F,99.5,20.02869944,20.65886924,21.71461721,23.75555744,26.55297507,30.13934341,34.3643086,37.54482215,39.96291669
F,100.5,20.19355165,20.83396942,21.90700268,23.98165745,26.82558904,30.47142364,34.76521834,37.99608589,40.45137672
F,101.5,20.36032458,21.01116968,22.10178826,24.21073043,27.1019295,30.80811106,35.17160751,38.45334608,40.94613881
F,102.5,20.52910239,21.19054959,22.29904589,24.44283365,27.38203422,31.14942058,35.58346914,38.91658465,41.44718044
F,103.5,20.6999678,21.37218677,22.49884459,24.67801969,27.66593402,31.49535747,36.00078421,39.38577014,41.95446506
F,104.5,20.8730018,21.55615653,22.7012502,24.9163362,27.9536524,31.8459171,36.42352136,39.86085756,42.46794195
F,105.5,21.04828336,21.74253164,22.90632506,25.15782551,28.24520531,32.20108468,36.85163675,40.3417882,42.98754609
F,106.5,21.22588911,21.93138197,23.1141277,25.40252443,28.54060085,32.56083507,37.28507392,40.82848957,43.51319807
F,107.5,21.40589307,22.12277423,23.32471257,25.65046392,28.83983907,32.92513255,37.72376365,41.32087531,44.04480409
F,108.5,21.58836636,22.31677169,23.53812979,25.90166889,29.14291171,33.29393074,38.16762389,41.8188452,44.58225593
F,109.5,21.77337689,22.51343388,23.75442484,26.15615792,29.44980208,33.66717239,38.61655976,42.32228515,45.12543098
F,110.5,21.96098914,22.71281638,23.97363834,26.41394306,29.76048479,34.04478937,39.0704635,42.83106725,45.67419242
F,111.5,22.15126389,22.91497052,24.19580583,26.67502964,30.0749257,34.42670255,39.52921454,43.34504991,46.22838923
F,112.5,22.34425792,23.11994316,24.4209575,26.93941607,30.39308176,34.8128218,39.99267955,43.86407795,46.78785646
F,113.5,22.54002382,23.32777646,24.64911804,27.20709368,30.71490093,35.20304599,40.46071256,44.38798278,47.3524154
F,114.5,22.73860975,23.53850764,24.88030638,27.47804659,31.0403221,35.59726302,40.9331551,44.91658265,47.92187383
F,115.5,22.94005917,23.7521688,25.11453557,27.75225159,31.36927506,35.99534989,41.40983639,45.44968284,48.49602631
F,116.5,23.14441069,23.96878672,25.35181259,28.029678,31.7016805,36.3971728,41.89057352,45.98707597,49.07465451
F,117.5,23.35169781,24.18838263,25.59213818,28.31028765,32.03744999,36.80258726,42.37517172,46.52854232,49.65752758
F,118.5,23.56194878,24.4109721,25.83550673,28.59403476,32.37648607,37.21143829,42.86342465,47.07385017,50.24440253
F,119.5,23.77518637,24.63656488,26.08190616,28.88086594,32.71868225,37.62356058,43.35511467,47.62275619,50.83502464
F,120.5,23.99142774,24.86516468,26.33131782,29.17072015,33.06392318,38.03877869,43.85001322,48.17500585,51.42912799
F,121.5,24.21068424,25.09676913,26.58371638,29.4635287,33.4120847,38.45690737,44.34788119,48.73033386,52.02643587
F,122.5,24.43296131,25.33136962,26.8390698,29.7592153,33.76303402,38.87775177,44.84846931,49.28846466,52.62666135
F,123.5,24.65825833,25.56895119,27.09733925,30.05769609,34.1166299,39.30110778,45.35151857,49.84911291,53.22950783
F,124.5,24.88656847,25.80949245,27.35847906,30.35887971,34.47272283,39.72676238,45.8567607,50.41198402,53.8346696
F,125.5,25.11787864,26.05296553,27.62243677,30.66266737,34.83115524,40.15449395,46.36391866,50.9767747,54.44183245
F,126.5,25.35216934,26.29933598,27.88915304,30.96895298,35.19176177,40.58407272,46.87270712,51.54317357,55.0506743
F,127.5,25.58941249,26.5485612,28.15856107,31.27762411,35.55437176,41.01526401,47.38283479,52.11086123,55.66086287
F,128.5,25.82958069,26.80059725,28.43058954,31.58855853,35.91879976,41.44781609,47.89399722,52.67951305,56.27206944
F,129.5,26.0726318,27.05538753,28.70515783,31.90163028,36.28486194,41.88148136,48.40589011,53.2487963,56.88394797
F,130.5,26.31852113,27.31287184,28.98217994,32.21670522,36.65236365,42.31600037,48.91819978,53.81837358,57.49615297
F,131.5,26.56719327,27.57298031,29.26156199,32.5336442,37.02110818,42.75111318,49.43061053,54.38790173,58.10832895
F,132.5,26.81859231,27.83564104,29.5432056,32.85229967,37.39088668,43.18654635,49.94279684,54.95703466,58.72012509
F,133.5,27.0726516,28.10077256,29.82700474,33.17251956,37.76148905,43.62202704,50.45443246,55.52542195,59.33118206
F,134.5,27.3292989,28.3682877,30.11284746,33.49414573,38.1326991,44.05727678,50.96518685,56.0927106,59.94113978
F,135.5,27.5884554,28.63809288,30.4006158,33.81701463,38.50429603,44.49201341,51.47472671,56.65854557,60.54963673
F,136.5,27.85003573,28.91008824,30.69018587,34.14095759,38.87605489,44.92595166,51.98271665,57.22257051,61.15631078
F,137.5,28.11394809,29.18416775,30.98142809,34.46580111,39.24774707,45.35880379,52.48881992,57.78442851,61.76079992
F,138.5,28.38009427,29.46021931,31.27420739,34.79136727,39.61914076,45.79028017,52.99269914,58.34376285,62.36274309
F,139.5,28.64837137,29.73812611,31.56838398,35.11747352,39.98999994,46.22008796,53.49401569,58.90021802,62.96178288
F,140.5,28.91866389,30.01776074,31.8638107,35.44393549,40.36009244,46.64794172,53.99243685,59.45343918,63.55755646
F,141.5,29.1908599,30.29899746,32.16033905,35.77056256,40.72917544,47.07354407,54.48762378,60.00307549,64.14971608
F,142.5,29.46483511,30.58170029,32.45781366,36.09716305,41.09701099,47.4966064,54.97924502,60.5487783,64.73791012
F,143.5,29.74046108,30.86572924,32.75607548,36.4235422,41.46335907,47.91683947,55.4669708,61.09020319,65.32179369
F,144.5,30.01760377,31.15093935,33.05496144,36.7495031,41.82797963,48.33395608,55.9504751,61.62701045,65.90102746
F,145.5,30.29612378,31.43718091,33.35430482,37.07484703,42.19063313,48.74767177,56.42943635,62.15886584,66.47527837
F,146.5,30.57587654,31.72429973,33.6539355,37.39937399,42.55108107,49.15770541,56.90353811,62.68544133,67.04422046
F,147.5,30.85671255,32.01213742,33.95368036,37.72288302,42.90908653,49.56377988,57.37246984,63.20641583,67.60753554
F,148.5,31.13847695,32.30053116,34.25336333,38.04517298,43.2644155,49.96562365,57.83592807,63.72147556,68.16491273
F,149.5,31.42101289,32.58931625,34.55280676,38.36604173,43.61683402,50.36296721,58.29361488,64.2303163,68.7160548
F,150.5,31.70415418,32.87832086,34.85182934,38.68528952,43.9661169,50.75555403,58.74524431,64.73264089,69.26066574
F,151.5,31.98773757,33.16737518,35.15025041,39.0027151,44.31203579,51.14312509,59.19053344,65.22816347,69.7984699
F,152.5,32.27158972,33.45630184,35.44788577,39.31812066,44.65437319,51.52543729,59.62921442,65.7166078,70.32919455
F,153.5,32.55553716,33.74492348,35.74455149,39.63130927,44.99291356,51.90225139,60.06102656,66.19770861,70.85258197
F,154.5,32.83940314,34.03306041,36.04006296,39.94208624,45.32744704,52.273337,60.48572025,66.67121259,71.36838696
F,155.5,33.12300797,34.3205311,36.33423538,40.25025974,45.65777013,52.63847339,60.90305741,67.13687835,71.87637634
F,156.5,33.40616909,34.60715224,36.62688403,40.55564134,45.98368656,52.99745045,61.31281247,67.59447719,72.37632936
F,157.5,33.68870064,34.89273857,36.91782442,40.85804669,46.30500858,53.35007037,61.71477365,68.04379345,72.86803693
F,158.5,33.97041915,35.17710718,37.20687443,41.15729406,46.62155183,53.69614073,62.10873877,68.4846261,73.35131006
F,159.5,34.25113618,35.46007223,37.49385217,41.45320759,46.93314404,54.03548596,62.49452276,68.91678763,73.82596855
F,160.5,34.5306634,35.74144871,37.77857793,41.74561603,47.23962058,54.36794129,62.87195405,69.34010551,74.2918484
F,161.5,34.80881186,36.0210521,38.06087423,42.03435353,47.54082604,54.69335479,63.24087599,69.75442235,74.74880046
F,162.5,35.08539244,36.29869877,38.34056621,42.31926009,47.83661466,55.01158787,63.60114743,70.15959636,75.19669066
F,163.5,35.36021624,36.57420636,38.61748204,42.60018191,48.12685082,55.32251577,63.95264314,70.55550168,75.63540025
F,164.5,35.63309497,36.84739419,38.89145331,42.87697183,48.41140938,55.62602801,64.29525433,70.94202872,76.0648259
F,165.5,35.90384139,37.11808367,39.16231542,43.14948969,48.69017613,55.9220288,64.62888901,71.31908448,76.48487978
F,166.5,36.17226975,37.38609874,39.42990799,43.4176027,48.9630481,56.21043748,64.95347244,71.68659282,76.8954897
F,167.5,36.43819618,37.65126622,39.69407521,43.68118578,49.22993391,56.49118881,65.26894746,72.04449469,77.29659902
F,168.5,36.70143915,37.91341628,39.95466626,43.94012186,49.49075409,56.76423337,65.57527484,72.39274832,77.68816668
F,169.5,36.96181994,38.17238283,40.21153565,44.19430225,49.74544132,57.02953776,65.87243353,72.73132942,78.0701671
F,170.5,37.21916305,38.42800396,40.4645436,44.4436269,49.99394068,57.2870849,66.16042095,73.06023127,78.44259001
F,171.5,37.47329665,38.68012233,40.71355642,44.68800466,50.23620985,57.53687418,66.43925318,73.37946482,78.80544037
F,172.5,37.72405025,38.92858345,40.95844577,44.92735442,50.47222213,57.77892568,66.70896797,73.68905842,79.15873364
F,173.5,37.97126574,39.17324412,41.19909297,45.16160204,50.70195581,58.01326503,66.96961412,73.98905915,79.5025122
F,174.5,38.2147829,39.41396159,41.4353838,45.39068521,50.92540942,58.23994486,67.22126661,74.27953085,79.83682168
F,175.5,38.45444923,39.65060094,41.66721226,45.61455072,51.14259229,58.45903143,67.46401722,74.5605553,80.16172522
F,176.5,38.69011819,39.8830339,41.89448008,45.83315528,51.3535268,58.67060766,67.69797665,74.83223179,80.47729968
F,177.5,38.92164966,40.11113919,42.11709702,46.0464657,51.55824831,58.87477302,67.92327441,75.09467698,80.78363524
F,178.5,39.14891037,40.33480295,42.33498116,46.25445894,51.75680513,59.07164337,68.14005866,75.34802466,81.08083497
F,179.5,39.37177435,40.55391906,42.54805916,46.45712228,51.94925841,59.26135066,68.34849595,75.5924255,81.36901438
F,180.5,39.59012338,40.76838955,42.7562665,46.65445329,52.13568193,59.44404265,68.5487709,75.82804673,81.64830091
F,181.5,39.80384736,40.97812493,42.95954776,46.84645992,52.31616197,59.61988254,68.74108582,76.05507182,81.91883344
F,182.5,40.01284477,41.18304453,43.1578568,47.03316051,52.49079703,59.78904852,68.92566027,76.27369999,82.18076174
F,183.5,40.21702302,41.3830768,43.35115698,47.21458375,52.65969757,59.95173329,69.10273048,76.48414576,82.43424593
F,184.5,40.41629881,41.57815964,43.53942133,47.39076866,52.82298572,60.10814351,69.27254876,76.68663841,82.67945587
F,185.5,40.61059851,41.76824065,43.72263271,47.56176451,52.9807949,60.25849917,69.43538282,76.88142138,82.91657062
F,186.5,40.79985847,41.95327736,43.90078396,47.72763073,53.13326946,60.40303292,69.59151495,77.06875157,83.1457778
F,187.5,40.98402528,42.1332375,44.07387796,47.8884368,53.28056425,60.54198938,69.74124122,77.24889863,83.36727297
F,188.5,41.16305606,42.30809914,44.24192774,48.04426208,53.42284417,60.67562433,69.8848705,77.42214413,83.581259
F,189.5,41.33691866,42.4778509,44.40495652,48.19519564,53.5602837,60.80420388,70.0227235,77.58878071,83.78794544
F,190.5,41.50559186,42.642492,44.5629977,48.34133606,53.69306637,60.92800363,70.15513163,77.74911109,83.98754779
F,191.5,41.66906547,42.80203238,44.71609485,48.4827912,53.82138422,61.04730771,70.28243588,77.90344707,84.18028693
F,192.5,41.82734048,42.95649273,44.86430165,48.6196779,53.94543725,61.16240788,70.40498554,78.05210841,84.36638832
F,193.5,41.98042905,43.10590449,45.00768175,48.7521217,54.06543278,61.27360245,70.52313696,78.19542171,84.54608137
F,194.5,42.12835452,43.25030973,45.14630867,48.88025651,54.18158486,61.38119533,70.63725215,78.33371911,84.71959869
F,195.5,42.27115134,43.38976112,45.28026556,49.0042242,54.29411356,61.48549489,70.74769732,78.46733702,84.88717537
F,196.5,42.40886495,43.52432169,45.40964499,49.12417422,54.40324431,61.58681291,70.85484146,78.59661472,85.04904822
F,197.5,42.54155162,43.65406467,45.5345486,49.24026312,54.50920717,61.68546339,70.95905471,78.72189292,85.205455
F,198.5,42.66927817,43.77907316,45.65508683,49.35265405,54.61223603,61.7817614,71.06070688,78.84351231,85.35663368
F,199.5,42.79212167,43.89943983,45.77137845,49.46151622,54.71256787,61.87602186,71.16016568,78.96181194,85.50282159
F,200.5,42.91016914,44.01526649,45.88355015,49.5670243,54.81044184,61.96855832,71.25779513,79.07712765,85.64425466
F,201.5,43.02351704,44.12666366,45.99173597,49.66935776,54.90609842,62.05968162,71.35395381,79.18979044,85.78116658
F,202.5,43.13227083,44.23375003,46.09607679,49.76870017,54.99977846,62.14969862,71.44899305,79.30012477,85.91378798
F,203.5,43.23654442,44.33665192,46.19671962,49.86523842,55.09172217,62.23891075,71.54325519,79.40844685,86.04234557
F,204.5,43.33645956,44.43550259,46.29381699,49.95916191,55.18216811,62.32761268,71.63707172,79.51506292,86.16706131
F,205.5,43.43214518,44.53044156,46.38752609,50.05066163,55.271352,62.41609075,71.73076142,79.62026752,86.28815157
F,206.5,43.52373663,44.62161386,46.47800802,50.13992923,55.35950558,62.50462147,71.82462845,79.72434173,86.40582627
F,207.5,43.61137495,44.70916923,46.56542689,50.22715595,55.44685531,62.59346994,71.91896047,79.82755144,86.52028803
F,208.5,43.69520604,44.79326117,46.64994883,50.31253151,55.53362107,62.68288814,72.01402668,79.9301456,86.63173131
F,209.5,43.77537971,44.8740461,46.73174101,50.39624297,55.62001464,62.77311319,72.11007585,80.03235456,86.74034162
F,210.5,43.85204883,44.95168231,46.81097052,50.47847336,55.70623826,62.86436555,72.20733438,80.13438837,86.84629466
F,211.5,43.9253721,45.02633189,46.88780489,50.55939966,55.79247939,62.95684135,72.3059993,80.23643485,86.9497625
F,212.5,43.99549743,45.09814744,46.96240411,50.6391944,55.87892356,63.05073398,72.40625667,80.33865934,87.05088422
F,213.5,44.06258481,45.16728964,47.03492965,50.71801935,55.96573022,63.14619584,72.50824833,80.44120111,87.14980899
F,214.5,44.12678882,45.23391322,47.10553608,50.79602716,56.05304601,63.24336091,72.61209121,80.54417335,87.24666536
F,215.5,44.18826162,45.29816896,47.17437139,50.87335876,56.14099882,63.34233618,72.71786996,80.64766146,87.34156823
F,216.5,44.24715174,45.36020233,47.24157543,50.95014153,56.22969564,63.44319934,72.82563495,80.75172168,87.43461808
F,217.5,44.30360275,45.42015206,47.30727836,51.02648735,56.3192203,63.54599643,72.93540037,80.85638,87.52590032
F,218.5,44.35775192,45.47814866,47.37159889,51.10249055,56.40963105,63.65073939,73.04714239,80.96163098,87.61548453
F,219.5,44.40972877,45.53431283,47.43464251,51.17822572,56.50095811,63.75740358,73.16079731,81.06743678,87.70342388
F,220.5,44.45965358,45.58875384,47.49649958,51.25374544,56.59320107,63.86592525,73.27625982,81.17372627,87.78975439
F,221.5,44.50763581,45.64156773,47.55724333,51.32907793,56.68632619,63.97619897,73.39338138,81.28039424,87.87449436
F,222.5,44.5537724,45.69283549,47.61692775,51.40422448,56.78026364,64.08807505,73.51196857,81.38730069,87.95764367
F,223.5,44.598146,45.74262109,47.6755854,51.47915686,56.87490465,64.20135697,73.63178167,81.49427023,88.03918325
F,224.5,44.64082307,45.79096943,47.733225,51.55381463,56.97009856,64.31579883,73.75253327,81.60109165,88.11907438
F,225.5,44.68185184,45.83790409,47.78982906,51.62810228,57.06564989,64.43110284,73.87388701,81.70751748,88.19725823
F,226.5,44.72126019,45.88342504,47.84535121,51.70188628,57.16131528,64.54691678,73.99545642,81.8132637,88.27365525
F,227.5,44.75905693,45.92750914,47.89971542,51.7749921,57.25679821,64.66282755,74.11679995,81.91800816,88.34816753
F,228.5,44.79521204,45.97009344,47.9528045,51.84720202,57.35175792,64.77837954,74.23743894,82.02139464,88.42066003
F,229.5,44.82968627,46.01109826,48.00447244,51.91824859,57.44578172,64.89303137,74.35682105,82.12302792,88.49100174
F,230.5,44.86239882,46.05040055,48.05452712,51.98781418,57.53840429,65.00619161,74.47435424,82.22248225,88.55903385
F,231.5,44.89323794,46.08784264,48.10273611,52.05553129,57.62910094,65.11720439,74.58938617,82.3192791,88.62454872
F,232.5,44.92205384,46.12322421,48.14881709,52.12097097,57.7172758,65.22534243,74.70121281,82.41291688,88.68734305
F,233.5,44.94865678,46.15630107,48.1924379,52.1836449,57.80226553,65.32980994,74.80907365,82.50285304,88.74718402
F,234.5,44.97281279,46.18678082,48.23321202,52.24300075,57.88333502,65.42973979,74.91215216,82.58850833,88.80381758
F,235.5,44.99423978,46.21431895,48.27069475,52.2984187,57.95967458,65.52419173,75.00957518,82.66926695,88.85696942
F,236.5,45.01260329,46.23851477,48.3043794,52.34920805,58.0303973,65.61215061,75.10041216,82.74447678,88.90634626
F,237.5,45.02751676,46.2589107,48.33369518,52.39460282,58.09453209,65.69251821,75.18366937,82.81344962,88.95164479
F,238.5,45.03852094,46.27497563,48.35799667,52.4337619,58.15103575,65.76413346,75.25830602,82.87546122,88.99252982
F,239.5,45.04509979,46.28611635,48.37656825,52.46576117,58.1987714,65.8257417,75.32321054,82.92975179,89.02866893
F,240,45.04654822,46.28963394,48.38346004,52.47876433,58.21897289,65.85237979,75.35164989,82.95375457,89.04485133
