<?xml version="1.0" encoding="UTF-8"?>
<list id="1">
  <org.openmrs.RelationshipType id="2" uuid="03ecf59a-4c7a-11e5-9192-080027b662ec">
    <description>Relationship from a primary care provider to the patient</description>
    <creator/>
    <dateCreated id="3">2015-08-27 03:41:04</dateCreated>
    <retired>true</retired>
    <dateRetired id="4">2017-01-10 01:48:07</dateRetired>
    <retiredBy/>
    <retireReason>not required</retireReason>
    <relationshipTypeId>1</relationshipTypeId>
    <aIsToB>Doctor</aIsToB>
    <bIsToA>Patient</bIsToA>
    <weight>0</weight>
    <preferred>false</preferred>
  </org.openmrs.RelationshipType>
  <org.openmrs.RelationshipType id="5" uuid="03ed3084-4c7a-11e5-9192-080027b662ec">
    <description>Relationship between brother/sister, brother/brother, and sister/sister</description>
    <creator/>
    <dateCreated id="6">2015-08-27 03:41:04</dateCreated>
    <retired>true</retired>
    <dateRetired id="7">2017-02-14 01:23:32</dateRetired>
    <retiredBy/>
    <retireReason>not requied</retireReason>
    <relationshipTypeId>2</relationshipTypeId>
    <aIsToB>Sibling</aIsToB>
    <bIsToA>Sibling</bIsToA>
    <weight>0</weight>
    <preferred>false</preferred>
  </org.openmrs.RelationshipType>
  <org.openmrs.RelationshipType id="8" uuid="03ed79c5-4c7a-11e5-9192-080027b662ec">
    <description>Relationship from a mother/father to the child</description>
    <creator/>
    <dateCreated id="9">2015-08-27 03:41:04</dateCreated>
    <retired>true</retired>
    <dateRetired id="10">2017-02-14 01:23:45</dateRetired>
    <retiredBy/>
    <retireReason>not required</retireReason>
    <relationshipTypeId>3</relationshipTypeId>
    <aIsToB>Parent</aIsToB>
    <bIsToA>Child</bIsToA>
    <weight>0</weight>
    <preferred>false</preferred>
  </org.openmrs.RelationshipType>
  <org.openmrs.RelationshipType id="11" uuid="0909253f-0fff-4c5b-a3ed-b1077d609c2b">
    <description>Family member to Family ember</description>
    <creator/>
    <dateCreated id="12">2017-01-10 01:51:03</dateCreated>
    <retired>true</retired>
    <dateRetired id="13">2017-02-14 01:24:00</dateRetired>
    <retiredBy/>
    <retireReason>not required</retireReason>
    <relationshipTypeId>5</relationshipTypeId>
    <aIsToB>Other family member</aIsToB>
    <bIsToA>Other family member</bIsToA>
    <weight>0</weight>
    <preferred>false</preferred>
  </org.openmrs.RelationshipType>
  <org.openmrs.RelationshipType id="14" uuid="2a5f4ff4-a179-4b8a-aa4c-40f71956ebbc">
    <description>Provider supervisor to provider supervisee relationship</description>
    <creator/>
    <dateCreated id="15">2017-10-30 16:19:16</dateCreated>
    <retired>false</retired>
    <relationshipTypeId>6</relationshipTypeId>
    <aIsToB>Supervisor</aIsToB>
    <bIsToA>Supervisee</bIsToA>
    <weight>0</weight>
    <preferred>false</preferred>
  </org.openmrs.RelationshipType>
  <org.openmrs.RelationshipType id="16" uuid="83e249f7-0176-428b-a6c7-a5f6dc85f991">
    <description>Neighbor to Neighbor</description>
    <creator/>
    <dateCreated id="17">2017-01-10 01:49:42</dateCreated>
    <retired>true</retired>
    <dateRetired id="18">2017-02-14 01:23:52</dateRetired>
    <retiredBy/>
    <retireReason>not required</retireReason>
    <relationshipTypeId>4</relationshipTypeId>
    <aIsToB>Neighbor</aIsToB>
    <bIsToA>Neighbor</bIsToA>
    <weight>0</weight>
    <preferred>false</preferred>
  </org.openmrs.RelationshipType>
</list>
