<?xml version="1.0" encoding="UTF-8"?>
<list id="1">
  <org.openmrs.VisitType id="2" uuid="11a133a7-9f45-4c7e-8641-7e66e206dbd1">
    <name>Field</name>
    <description>Manadatory Visit Type for Bahmni Connect</description>
    <creator/>
    <dateCreated id="3">2018-12-12 14:26:04</dateCreated>
    <changedBy/>
    <dateChanged id="4">2018-12-12 20:06:38</dateChanged>
    <retired>false</retired>
    <visitTypeId>9</visitTypeId>
  </org.openmrs.VisitType>
  <org.openmrs.VisitType id="5" uuid="b9cb32c9-3f12-11e4-adec-0800271c1b75">
    <name>PHARMACY VISIT</name>
    <description>Visit for syncing sale orders from pharmacy</description>
    <creator/>
    <dateCreated id="6">2014-09-17 17:00:00</dateCreated>
    <changedBy/>
    <dateChanged id="7">2018-12-11 13:14:18</dateChanged>
    <retired>false</retired>
    <visitTypeId>7</visitTypeId>
  </org.openmrs.VisitType>
  <org.openmrs.VisitType id="8" uuid="bef32e14-3f12-11e4-adec-0800271c1b75">
    <name>LAB VISIT</name>
    <description>Visits for lab visit by patient when the tests are not ordered through OpenMRS</description>
    <creator/>
    <dateCreated id="9">2014-09-17 17:00:00</dateCreated>
    <changedBy/>
    <dateChanged id="10">2018-12-11 13:14:18</dateChanged>
    <retired>false</retired>
    <visitTypeId>8</visitTypeId>
  </org.openmrs.VisitType>
  <org.openmrs.VisitType id="11" uuid="c228eab1-3f10-11e4-adec-0800271c1b75">
    <name>IPD</name>
    <description>Visit for patients being admitted</description>
    <creator/>
    <dateCreated id="12">2014-09-18 07:19:53</dateCreated>
    <changedBy/>
    <dateChanged id="13">2018-12-11 13:14:18</dateChanged>
    <retired>false</retired>
    <visitTypeId>3</visitTypeId>
  </org.openmrs.VisitType>
  <org.openmrs.VisitType id="14" uuid="c22a5000-3f10-11e4-adec-0800271c1b75">
    <name>OPD</name>
    <description>Visit for patients coming for OPD</description>
    <creator/>
    <dateCreated id="15">2014-09-18 07:19:53</dateCreated>
    <changedBy/>
    <dateChanged id="16">2018-12-11 13:14:18</dateChanged>
    <retired>false</retired>
    <visitTypeId>4</visitTypeId>
  </org.openmrs.VisitType>
  <org.openmrs.VisitType id="17" uuid="c23d6c9d-3f10-11e4-adec-0800271c1b75">
    <name>Special OPD</name>
    <description>Visit for patients coming for Dental, Spine, Skin etc</description>
    <creator/>
    <dateCreated id="18">2014-09-18 07:19:53</dateCreated>
    <changedBy/>
    <dateChanged id="19">2018-12-11 13:14:18</dateChanged>
    <retired>true</retired>
    <dateRetired id="20">2016-11-25 02:42:05</dateRetired>
    <retiredBy/>
    <retireReason>Not requiered</retireReason>
    <visitTypeId>5</visitTypeId>
  </org.openmrs.VisitType>
  <org.openmrs.VisitType id="21" uuid="c2402997-3f10-11e4-adec-0800271c1b75">
    <name>EMERGENCY</name>
    <description>Emergency patient visit</description>
    <creator/>
    <dateCreated id="22">2014-09-18 07:19:53</dateCreated>
    <changedBy/>
    <dateChanged id="23">2018-12-11 13:14:18</dateChanged>
    <retired>false</retired>
    <visitTypeId>6</visitTypeId>
  </org.openmrs.VisitType>
</list>
