<?xml version="1.0" encoding="UTF-8"?>
<list id="1">
  <org.openmrs.VisitType id="2" uuid="11a133a7-9f45-4c7e-8641-7e66e206dbd1">
    <name>Field</name>
    <description>Manadatory Visit Type for Bahmni Connect</description>
    <creator/>
    <dateCreated id="3">2018-12-12 14:26:04</dateCreated>
    <changedBy/>
    <dateChanged id="4">2019-09-26 08:02:00</dateChanged>
    <retired>true</retired>
    <dateRetired id="5">2019-09-26 08:02:00</dateRetired>
    <retiredBy/>
    <retireReason>Not used yet for San Pedro</retireReason>
    <visitTypeId>9</visitTypeId>
  </org.openmrs.VisitType>
  <org.openmrs.VisitType id="6" uuid="73ffc57b-2f4a-468e-8f91-9989c0ac6930">
    <name>Primary Care</name>
    <description>Visit for patients coming for Primary Care</description>
    <creator/>
    <dateCreated id="7">2019-09-26 07:59:57</dateCreated>
    <retired>false</retired>
    <visitTypeId>10</visitTypeId>
  </org.openmrs.VisitType>
  <org.openmrs.VisitType id="8" uuid="b9cb32c9-3f12-11e4-adec-0800271c1b75">
    <name>PHARMACY VISIT</name>
    <description>Visit for syncing sale orders from pharmacy</description>
    <creator/>
    <dateCreated id="9">2014-09-17 17:00:00</dateCreated>
    <changedBy/>
    <dateChanged id="10">2019-09-26 08:01:49</dateChanged>
    <retired>true</retired>
    <dateRetired id="11">2019-09-26 08:01:49</dateRetired>
    <retiredBy/>
    <retireReason>Not used yet for San Pedro</retireReason>
    <visitTypeId>7</visitTypeId>
  </org.openmrs.VisitType>
  <org.openmrs.VisitType id="12" uuid="bef32e14-3f12-11e4-adec-0800271c1b75">
    <name>LAB VISIT</name>
    <description>Visits for lab visit by patient when the tests are not ordered through OpenMRS</description>
    <creator/>
    <dateCreated id="13">2014-09-17 17:00:00</dateCreated>
    <changedBy/>
    <dateChanged id="14">2019-09-26 08:01:55</dateChanged>
    <retired>true</retired>
    <dateRetired id="15">2019-09-26 08:01:55</dateRetired>
    <retiredBy/>
    <retireReason>Not used yet for San Pedro</retireReason>
    <visitTypeId>8</visitTypeId>
  </org.openmrs.VisitType>
  <org.openmrs.VisitType id="16" uuid="c228eab1-3f10-11e4-adec-0800271c1b75">
    <name>IPD</name>
    <description>Visit for patients being admitted</description>
    <creator/>
    <dateCreated id="17">2014-09-18 07:19:53</dateCreated>
    <changedBy/>
    <dateChanged id="18">2019-09-26 08:01:28</dateChanged>
    <retired>true</retired>
    <dateRetired id="19">2019-09-26 08:01:28</dateRetired>
    <retiredBy/>
    <retireReason>Not used yet for San Pedro</retireReason>
    <visitTypeId>3</visitTypeId>
  </org.openmrs.VisitType>
  <org.openmrs.VisitType id="20" uuid="c22a5000-3f10-11e4-adec-0800271c1b75">
    <name>OPD</name>
    <description>Visit for patients coming for OPD</description>
    <creator/>
    <dateCreated id="21">2014-09-18 07:19:53</dateCreated>
    <changedBy/>
    <dateChanged id="22">2019-09-26 08:01:35</dateChanged>
    <retired>true</retired>
    <dateRetired id="23">2019-09-26 08:01:35</dateRetired>
    <retiredBy/>
    <retireReason>Not used yet for San Pedro</retireReason>
    <visitTypeId>4</visitTypeId>
  </org.openmrs.VisitType>
  <org.openmrs.VisitType id="24" uuid="c23d6c9d-3f10-11e4-adec-0800271c1b75">
    <name>Special OPD</name>
    <description>Visit for patients coming for Dental, Spine, Skin etc</description>
    <creator/>
    <dateCreated id="25">2014-09-18 07:19:53</dateCreated>
    <changedBy/>
    <dateChanged id="26">2019-09-23 14:09:52</dateChanged>
    <retired>true</retired>
    <dateRetired id="27">2016-11-25 02:42:05</dateRetired>
    <retiredBy/>
    <retireReason>Not requiered</retireReason>
    <visitTypeId>5</visitTypeId>
  </org.openmrs.VisitType>
  <org.openmrs.VisitType id="28" uuid="c2402997-3f10-11e4-adec-0800271c1b75">
    <name>EMERGENCY</name>
    <description>Emergency patient visit</description>
    <creator/>
    <dateCreated id="29">2014-09-18 07:19:53</dateCreated>
    <changedBy/>
    <dateChanged id="30">2019-09-26 08:01:41</dateChanged>
    <retired>true</retired>
    <dateRetired id="31">2019-09-26 08:01:41</dateRetired>
    <retiredBy/>
    <retireReason>Not used yet for San Pedro</retireReason>
    <visitTypeId>6</visitTypeId>
  </org.openmrs.VisitType>
</list>
